# ECP5UM csfBGA285 Pin Migration,,,,,,,,,,,,,,,,,,,,,,
# Revision 1.0,,,,,,,,,,,,,,,,,,,,,,
"# Revised Nov. 2, 2015",,,,,,,,,,,,,,,,,,,,,,
,,,,,,,,,,,,,,,,,,,,,,
LFE5UM-25,,,,,,,,LFE5UM-45,,,,,,,,LFE5UM-85,,,,,,
Pin Number,Pin Function,Bank,Dual Function,Differential,True LVDS,DQS,,Pin Number,Pin Function,Bank,Dual Function,Differential,True LVDS,DQS,,Pin Number,Pin Function,Bank,Dual Function,Differential,True LVDS,DQS
A2,PR20C,2,GR_PCLK2_0,True_OF_PR20D,-,RDQ20,,A2,PR29C,2,GR_PCLK2_0,True_OF_PR29D,-,RDQ29,,A2,PR41C,2,GR_PCLK2_0,True_OF_PR41D,-,RDQ41
A3,PR20A,2,GR_PCLK2_1,True_OF_PR20B,TRUE,RDQS20,,A3,PR29A,2,GR_PCLK2_1,True_OF_PR29B,TRUE,RDQS29,,A3,PR41A,2,GR_PCLK2_1,True_OF_PR41B,TRUE,RDQS41
A4,PR11B,2,-,Comp_OF_PR11A,TRUE,RDQ8,,A4,PR20B,2,-,Comp_OF_PR20A,TRUE,RDQ17,,A4,PR20B,2,-,Comp_OF_PR20A,TRUE,RDQ17
A6,PR11A,2,-,True_OF_PR11B,TRUE,RDQ8,,A6,PR20A,2,-,True_OF_PR20B,TRUE,RDQ17,,A6,PR20A,2,-,True_OF_PR20B,TRUE,RDQ17
A7,PR8B,2,-,Comp_OF_PR8A,TRUE,RDQSN8,,A7,PR17B,2,-,Comp_OF_PR17A,TRUE,RDQSN17,,A7,PR17B,2,-,Comp_OF_PR17A,TRUE,RDQSN17
A8,PT35B,1,PCLKC1_0,Comp_OF_PT35A,-,-,,A8,PT44B,1,PCLKC1_0,Comp_OF_PT44A,-,-,,A8,PT71B,1,PCLKC1_0,Comp_OF_PT71A,-,-
A9,PT35A,1,PCLKT1_0,True_OF_PT35B,-,-,,A9,PT44A,1,PCLKT1_0,True_OF_PT44B,-,-,,A9,PT71A,1,PCLKT1_0,True_OF_PT71B,-,-
A10,PT27B,0,PCLKC0_1,Comp_OF_PT27A,-,-,,A10,PT36B,0,PCLKC0_1,Comp_OF_PT36A,-,-,,A10,PT63B,0,PCLKC0_1,Comp_OF_PT63A,-,-
A11,PT27A,0,PCLKT0_1,True_OF_PT27B,-,-,,A11,PT36A,0,PCLKT0_1,True_OF_PT36B,-,-,,A11,PT63A,0,PCLKT0_1,True_OF_PT63B,-,-
A12,PL5A,7,-,True_OF_PL5B,TRUE,LDQ8,,A12,PL14A,7,-,True_OF_PL14B,TRUE,LDQ17,,A12,PL14A,7,-,True_OF_PL14B,TRUE,LDQ17
A13,PL14B,7,-,Comp_OF_PL14A,TRUE,LDQ20,,A13,PL23B,7,-,Comp_OF_PL23A,TRUE,LDQ29,,A13,PL35B,7,-,Comp_OF_PL35A,TRUE,LDQ41
A15,PL14D,7,-,Comp_OF_PL14C,-,LDQ20,,A15,PL23D,7,-,Comp_OF_PL23C,-,LDQ29,,A15,PL35D,7,-,Comp_OF_PL35C,-,LDQ41
A16,PL20B,7,-,Comp_OF_PL20A,TRUE,LDQSN20,,A16,PL29B,7,-,Comp_OF_PL29A,TRUE,LDQSN29,,A16,PL41B,7,-,Comp_OF_PL41A,TRUE,LDQSN41
A17,PL23A,7,PCLKT7_1,True_OF_PL23B,TRUE,LDQ20,,A17,PL32A,7,PCLKT7_1,True_OF_PL32B,TRUE,LDQ29,,A17,PL44A,7,PCLKT7_1,True_OF_PL44B,TRUE,LDQ41
B1,PR23B,2,PCLKC2_1,Comp_OF_PR23A,TRUE,RDQ20,,B1,PR32B,2,PCLKC2_1,Comp_OF_PR32A,TRUE,RDQ29,,B1,PR44B,2,PCLKC2_1,Comp_OF_PR44A,TRUE,RDQ41
B2,PR20B,2,-,Comp_OF_PR20A,TRUE,RDQSN20,,B2,PR29B,2,-,Comp_OF_PR29A,TRUE,RDQSN29,,B2,PR41B,2,-,Comp_OF_PR41A,TRUE,RDQSN41
B3,GND,-,-,-,-,-,,B3,GND,-,-,-,-,-,,B3,GND,-,-,-,-,-
B4,PR14C,2,VREF1_2,True_OF_PR14D,-,RDQ20,,B4,PR23C,2,VREF1_2,True_OF_PR23D,-,RDQ29,,B4,PR35C,2,VREF1_2,True_OF_PR35D,-,RDQ41
B6,PR8A,2,-,True_OF_PR8B,TRUE,RDQS8,,B6,PR17A,2,-,True_OF_PR17B,TRUE,RDQS17,,B6,PR17A,2,-,True_OF_PR17B,TRUE,RDQS17
B7,PR2B,2,S0_IN,Comp_OF_PR2A,TRUE,RDQ8,,B7,PR11B,2,URC_GPLL0C_IN,Comp_OF_PR11A,TRUE,RDQ17,,B7,PR11B,2,URC_GPLL0C_IN,Comp_OF_PR11A,TRUE,RDQ17
B8,PT67A,1,-,True_OF_PT67B,-,-,,B8,PT85A,1,URC_GPLL1T_IN,True_OF_PT85B,-,-,,B8,PT121A,1,URC_GPLL1T_IN,True_OF_PT121B,-,-
B9,PT33A,1,PCLKT1_1,True_OF_PT33B,-,-,,B9,PT42A,1,PCLKT1_1,True_OF_PT42B,-,-,,B9,PT69A,1,PCLKT1_1,True_OF_PT69B,-,-
B10,PT29A,0,PCLKT0_0,True_OF_PT29B,-,-,,B10,PT38A,0,PCLKT0_0,True_OF_PT38B,-,-,,B10,PT65A,0,PCLKT0_0,True_OF_PT65B,-,-
B11,PT4A,0,-,True_OF_PT4B,-,-,,B11,PT4A,0,ULC_GPLL1T_IN,True_OF_PT4B,-,-,,B11,PT4A,0,ULC_GPLL1T_IN,True_OF_PT4B,-,-
B12,PL2B,7,-,Comp_OF_PL2A,TRUE,LDQ8,,B12,PL11B,7,ULC_GPLL0C_IN,Comp_OF_PL11A,TRUE,LDQ17,,B12,PL11B,7,ULC_GPLL0C_IN,Comp_OF_PL11A,TRUE,LDQ17
B13,PL14A,7,-,True_OF_PL14B,TRUE,LDQ20,,B13,PL23A,7,-,True_OF_PL23B,TRUE,LDQ29,,B13,PL35A,7,-,True_OF_PL35B,TRUE,LDQ41
B15,PL20A,7,GR_PCLK7_1,True_OF_PL20B,TRUE,LDQS20,,B15,PL29A,7,GR_PCLK7_1,True_OF_PL29B,TRUE,LDQS29,,B15,PL41A,7,GR_PCLK7_1,True_OF_PL41B,TRUE,LDQS41
B16,GND,-,-,-,-,-,,B16,GND,-,-,-,-,-,,B16,GND,-,-,-,-,-
B17,PL23B,7,PCLKC7_1,Comp_OF_PL23A,TRUE,LDQ20,,B17,PL32B,7,PCLKC7_1,Comp_OF_PL32A,TRUE,LDQ29,,B17,PL44B,7,PCLKC7_1,Comp_OF_PL44A,TRUE,LDQ41
B18,PL23C,7,PCLKT7_0,True_OF_PL23D,-,LDQ20,,B18,PL32C,7,PCLKT7_0,True_OF_PL32D,-,LDQ29,,B18,PL44C,7,PCLKT7_0,True_OF_PL44D,-,LDQ41
C1,PR23C,2,PCLKT2_0,True_OF_PR23D,-,RDQ20,,C1,PR32C,2,PCLKT2_0,True_OF_PR32D,-,RDQ29,,C1,PR44C,2,PCLKT2_0,True_OF_PR44D,-,RDQ41
C2,PR17B,2,-,Comp_OF_PR17A,TRUE,RDQ20,,C2,PR26B,2,-,Comp_OF_PR26A,TRUE,RDQ29,,C2,PR38B,2,-,Comp_OF_PR38A,TRUE,RDQ41
C3,PR14D,2,-,Comp_OF_PR14C,-,RDQ20,,C3,PR23D,2,-,Comp_OF_PR23C,-,RDQ29,,C3,PR35D,2,-,Comp_OF_PR35C,-,RDQ41
C4,PR14B,2,-,Comp_OF_PR14A,TRUE,RDQ20,,C4,PR23B,2,-,Comp_OF_PR23A,TRUE,RDQ29,,C4,PR35B,2,-,Comp_OF_PR35A,TRUE,RDQ41
C6,PR5B,2,-,Comp_OF_PR5A,TRUE,RDQ8,,C6,PR14B,2,-,Comp_OF_PR14A,TRUE,RDQ17,,C6,PR14B,2,-,Comp_OF_PR14A,TRUE,RDQ17
C7,PR2A,2,-,True_OF_PR2B,TRUE,RDQ8,,C7,PR11A,2,URC_GPLL0T_IN,True_OF_PR11B,TRUE,RDQ17,,C7,PR11A,2,URC_GPLL0T_IN,True_OF_PR11B,TRUE,RDQ17
C8,PT67B,1,-,Comp_OF_PT67A,-,-,,C8,PT85B,1,URC_GPLL1C_IN,Comp_OF_PT85A,-,-,,C8,PT121B,1,URC_GPLL1C_IN,Comp_OF_PT121A,-,-
C9,PT33B,1,PCLKC1_1,Comp_OF_PT33A,-,-,,C9,PT42B,1,PCLKC1_1,Comp_OF_PT42A,-,-,,C9,PT69B,1,PCLKC1_1,Comp_OF_PT69A,-,-
C10,PT29B,0,PCLKC0_0,Comp_OF_PT29A,-,-,,C10,PT38B,0,PCLKC0_0,Comp_OF_PT38A,-,-,,C10,PT65B,0,PCLKC0_0,Comp_OF_PT65A,-,-
C11,PT4B,0,-,Comp_OF_PT4A,-,-,,C11,PT4B,0,ULC_GPLL1C_IN,Comp_OF_PT4A,-,-,,C11,PT4B,0,ULC_GPLL1C_IN,Comp_OF_PT4A,-,-
C12,PL2A,7,-,True_OF_PL2B,TRUE,LDQ8,,C12,PL11A,7,ULC_GPLL0T_IN,True_OF_PL11B,TRUE,LDQ17,,C12,PL11A,7,ULC_GPLL0T_IN,True_OF_PL11B,TRUE,LDQ17
C13,PL8B,7,-,Comp_OF_PL8A,TRUE,LDQSN8,,C13,PL17B,7,-,Comp_OF_PL17A,TRUE,LDQSN17,,C13,PL17B,7,-,Comp_OF_PL17A,TRUE,LDQSN17
C15,PL14C,7,VREF1_7,True_OF_PL14D,-,LDQ20,,C15,PL23C,7,VREF1_7,True_OF_PL23D,-,LDQ29,,C15,PL35C,7,VREF1_7,True_OF_PL35D,-,LDQ41
C16,PL20C,7,GR_PCLK7_0,True_OF_PL20D,-,LDQ20,,C16,PL29C,7,GR_PCLK7_0,True_OF_PL29D,-,LDQ29,,C16,PL41C,7,GR_PCLK7_0,True_OF_PL41D,-,LDQ41
C17,PL23D,7,PCLKC7_0,Comp_OF_PL23C,-,LDQ20,,C17,PL32D,7,PCLKC7_0,Comp_OF_PL32C,-,LDQ29,,C17,PL44D,7,PCLKC7_0,Comp_OF_PL44C,-,LDQ41
C18,PL26B,6,PCLKC6_1,Comp_OF_PL26A,TRUE,LDQ32,,C18,PL35B,6,PCLKC6_1,Comp_OF_PL35A,TRUE,LDQ41,,C18,PL47B,6,PCLKC6_1,Comp_OF_PL47A,TRUE,LDQ53
D1,PR23D,2,PCLKC2_0,Comp_OF_PR23C,-,RDQ20,,D1,PR32D,2,PCLKC2_0,Comp_OF_PR32C,-,RDQ29,,D1,PR44D,2,PCLKC2_0,Comp_OF_PR44C,-,RDQ41
D2,PR23A,2,PCLKT2_1,True_OF_PR23B,TRUE,RDQ20,,D2,PR32A,2,PCLKT2_1,True_OF_PR32B,TRUE,RDQ29,,D2,PR44A,2,PCLKT2_1,True_OF_PR44B,TRUE,RDQ41
D3,PR17A,2,-,True_OF_PR17B,TRUE,RDQ20,,D3,PR26A,2,-,True_OF_PR26B,TRUE,RDQ29,,D3,PR38A,2,-,True_OF_PR38B,TRUE,RDQ41
D4,PR14A,2,-,True_OF_PR14B,TRUE,RDQ20,,D4,PR23A,2,-,True_OF_PR23B,TRUE,RDQ29,,D4,PR35A,2,-,True_OF_PR35B,TRUE,RDQ41
D6,PR5A,2,-,True_OF_PR5B,TRUE,RDQ8,,D6,PR14A,2,-,True_OF_PR14B,TRUE,RDQ17,,D6,PR14A,2,-,True_OF_PR14B,TRUE,RDQ17
D7,VCCIO1,1,-,-,-,-,,D7,VCCIO1,1,-,-,-,-,,D7,VCCIO1,1,-,-,-,-
D8,VCC,-,-,-,-,-,,D8,VCC,-,-,-,-,-,,D8,VCC,-,-,-,-,-
D9,VCC,-,-,-,-,-,,D9,VCC,-,-,-,-,-,,D9,VCC,-,-,-,-,-
D10,VCC,-,-,-,-,-,,D10,VCC,-,-,-,-,-,,D10,VCC,-,-,-,-,-
D11,VCC,-,-,-,-,-,,D11,VCC,-,-,-,-,-,,D11,VCC,-,-,-,-,-
D12,VCCIO0,0,-,-,-,-,,D12,VCCIO0,0,-,-,-,-,,D12,VCCIO0,0,-,-,-,-
D13,PL8A,7,-,True_OF_PL8B,TRUE,LDQS8,,D13,PL17A,7,-,True_OF_PL17B,TRUE,LDQS17,,D13,PL17A,7,-,True_OF_PL17B,TRUE,LDQS17
D15,PL17A,7,-,True_OF_PL17B,TRUE,LDQ20,,D15,PL26A,7,-,True_OF_PL26B,TRUE,LDQ29,,D15,PL38A,7,-,True_OF_PL38B,TRUE,LDQ41
D16,PL17B,7,-,Comp_OF_PL17A,TRUE,LDQ20,,D16,PL26B,7,-,Comp_OF_PL26A,TRUE,LDQ29,,D16,PL38B,7,-,Comp_OF_PL38A,TRUE,LDQ41
D17,PL26A,6,PCLKT6_1,True_OF_PL26B,TRUE,LDQ32,,D17,PL35A,6,PCLKT6_1,True_OF_PL35B,TRUE,LDQ41,,D17,PL47A,6,PCLKT6_1,True_OF_PL47B,TRUE,LDQ53
D18,PL26C,6,PCLKT6_0,True_OF_PL26D,-,LDQ32,,D18,PL35C,6,PCLKT6_0,True_OF_PL35D,-,LDQ41,,D18,PL47C,6,PCLKT6_0,True_OF_PL47D,-,LDQ53
E5,GND,-,-,-,-,-,,E5,GND,-,-,-,-,-,,E5,GND,-,-,-,-,-
E6,VCCAUX,-,-,-,-,-,,E6,VCCAUX,-,-,-,-,-,,E6,VCCAUX,-,-,-,-,-
E7,GND,-,-,-,-,-,,E7,GND,-,-,-,-,-,,E7,GND,-,-,-,-,-
E8,GND,-,-,-,-,-,,E8,GND,-,-,-,-,-,,E8,GND,-,-,-,-,-
E9,GND,-,-,-,-,-,,E9,GND,-,-,-,-,-,,E9,GND,-,-,-,-,-
E10,GND,-,-,-,-,-,,E10,GND,-,-,-,-,-,,E10,GND,-,-,-,-,-
E11,GND,-,-,-,-,-,,E11,GND,-,-,-,-,-,,E11,GND,-,-,-,-,-
E12,GND,-,-,-,-,-,,E12,GND,-,-,-,-,-,,E12,GND,-,-,-,-,-
E13,VCCAUX,-,-,-,-,-,,E13,VCCAUX,-,-,-,-,-,,E13,VCCAUX,-,-,-,-,-
E14,GND,-,-,-,-,-,,E14,GND,-,-,-,-,-,,E14,GND,-,-,-,-,-
F1,PR35C,3,-,True_OF_PR35D,-,RDQ32,,F1,PR44C,3,-,True_OF_PR44D,-,RDQ41,,F1,PR56C,3,-,True_OF_PR56D,-,RDQ53
F2,PR32A,3,-,True_OF_PR32B,TRUE,RDQS32,,F2,PR41A,3,-,True_OF_PR41B,TRUE,RDQS41,,F2,PR53A,3,-,True_OF_PR53B,TRUE,RDQS53
F3,PR26D,3,PCLKC3_0,Comp_OF_PR26C,-,RDQ32,,F3,PR35D,3,PCLKC3_0,Comp_OF_PR35C,-,RDQ41,,F3,PR47D,3,PCLKC3_0,Comp_OF_PR47C,-,RDQ53
F4,PR26C,3,PCLKT3_0,True_OF_PR26D,-,RDQ32,,F4,PR35C,3,PCLKT3_0,True_OF_PR35D,-,RDQ41,,F4,PR47C,3,PCLKT3_0,True_OF_PR47D,-,RDQ53
F5,GND,-,-,-,-,-,,F5,GND,-,-,-,-,-,,F5,GND,-,-,-,-,-
F6,GND,-,-,-,-,-,,F6,GND,-,-,-,-,-,,F6,GND,-,-,-,-,-
F7,GND,-,-,-,-,-,,F7,GND,-,-,-,-,-,,F7,GND,-,-,-,-,-
F8,GND,-,-,-,-,-,,F8,GND,-,-,-,-,-,,F8,GND,-,-,-,-,-
F9,GND,-,-,-,-,-,,F9,GND,-,-,-,-,-,,F9,GND,-,-,-,-,-
F10,GND,-,-,-,-,-,,F10,GND,-,-,-,-,-,,F10,GND,-,-,-,-,-
F11,GND,-,-,-,-,-,,F11,GND,-,-,-,-,-,,F11,GND,-,-,-,-,-
F12,GND,-,-,-,-,-,,F12,GND,-,-,-,-,-,,F12,GND,-,-,-,-,-
F13,GND,-,-,-,-,-,,F13,GND,-,-,-,-,-,,F13,GND,-,-,-,-,-
F14,GND,-,-,-,-,-,,F14,GND,-,-,-,-,-,,F14,GND,-,-,-,-,-
F15,PL29C,6,GR_PCLK6_1,True_OF_PL29D,-,LDQ32,,F15,PL38C,6,GR_PCLK6_1,True_OF_PL38D,-,LDQ41,,F15,PL50C,6,GR_PCLK6_1,True_OF_PL50D,-,LDQ53
F16,PL29B,6,-,Comp_OF_PL29A,TRUE,LDQ32,,F16,PL38B,6,-,Comp_OF_PL38A,TRUE,LDQ41,,F16,PL50B,6,-,Comp_OF_PL50A,TRUE,LDQ53
F17,PL29A,6,GR_PCLK6_0,True_OF_PL29B,TRUE,LDQ32,,F17,PL38A,6,GR_PCLK6_0,True_OF_PL38B,TRUE,LDQ41,,F17,PL50A,6,GR_PCLK6_0,True_OF_PL50B,TRUE,LDQ53
F18,PL26D,6,PCLKC6_0,Comp_OF_PL26C,-,LDQ32,,F18,PL35D,6,PCLKC6_0,Comp_OF_PL35C,-,LDQ41,,F18,PL47D,6,PCLKC6_0,Comp_OF_PL47C,-,LDQ53
G1,PR32B,3,-,Comp_OF_PR32A,TRUE,RDQSN32,,G1,PR41B,3,-,Comp_OF_PR41A,TRUE,RDQSN41,,G1,PR53B,3,-,Comp_OF_PR53A,TRUE,RDQSN53
G2,GND,-,-,-,-,-,,G2,GND,-,-,-,-,-,,G2,GND,-,-,-,-,-
G3,PR29B,3,-,Comp_OF_PR29A,TRUE,RDQ32,,G3,PR38B,3,-,Comp_OF_PR38A,TRUE,RDQ41,,G3,PR50B,3,-,Comp_OF_PR50A,TRUE,RDQ53
G4,PR26B,3,PCLKC3_1,Comp_OF_PR26A,TRUE,RDQ32,,G4,PR35B,3,PCLKC3_1,Comp_OF_PR35A,TRUE,RDQ41,,G4,PR47B,3,PCLKC3_1,Comp_OF_PR47A,TRUE,RDQ53
G5,VCCIO2,2,-,-,-,-,,G5,VCCIO2,2,-,-,-,-,,G5,VCCIO2,2,-,-,-,-
G6,GND,-,-,-,-,-,,G6,GND,-,-,-,-,-,,G6,GND,-,-,-,-,-
G7,GND,-,-,-,-,-,,G7,GND,-,-,-,-,-,,G7,GND,-,-,-,-,-
G8,GND,-,-,-,-,-,,G8,GND,-,-,-,-,-,,G8,GND,-,-,-,-,-
G9,GND,-,-,-,-,-,,G9,GND,-,-,-,-,-,,G9,GND,-,-,-,-,-
G10,GND,-,-,-,-,-,,G10,GND,-,-,-,-,-,,G10,GND,-,-,-,-,-
G11,GND,-,-,-,-,-,,G11,GND,-,-,-,-,-,,G11,GND,-,-,-,-,-
G12,GND,-,-,-,-,-,,G12,GND,-,-,-,-,-,,G12,GND,-,-,-,-,-
G13,GND,-,-,-,-,-,,G13,GND,-,-,-,-,-,,G13,GND,-,-,-,-,-
G14,VCCIO7,7,-,-,-,-,,G14,VCCIO7,7,-,-,-,-,,G14,VCCIO7,7,-,-,-,-
G15,PL35A,6,-,True_OF_PL35B,TRUE,LDQ32,,G15,PL44A,6,-,True_OF_PL44B,TRUE,LDQ41,,G15,PL56A,6,-,True_OF_PL56B,TRUE,LDQ53
G16,PL29D,6,-,Comp_OF_PL29C,-,LDQ32,,G16,PL38D,6,-,Comp_OF_PL38C,-,LDQ41,,G16,PL50D,6,-,Comp_OF_PL50C,-,LDQ53
G17,GND,-,-,-,-,-,,G17,GND,-,-,-,-,-,,G17,GND,-,-,-,-,-
G18,PL32A,6,-,True_OF_PL32B,TRUE,LDQS32,,G18,PL41A,6,-,True_OF_PL41B,TRUE,LDQS41,,G18,PL53A,6,-,True_OF_PL53B,TRUE,LDQS53
H1,PR35D,3,-,Comp_OF_PR35C,-,RDQ32,,H1,PR44D,3,-,Comp_OF_PR44C,-,RDQ41,,H1,PR56D,3,-,Comp_OF_PR56C,-,RDQ53
H2,PR29D,3,-,Comp_OF_PR29C,-,RDQ32,,H2,PR38D,3,-,Comp_OF_PR38C,-,RDQ41,,H2,PR50D,3,-,Comp_OF_PR50C,-,RDQ53
H3,PR29A,3,GR_PCLK3_0,True_OF_PR29B,TRUE,RDQ32,,H3,PR38A,3,GR_PCLK3_0,True_OF_PR38B,TRUE,RDQ41,,H3,PR50A,3,GR_PCLK3_0,True_OF_PR50B,TRUE,RDQ53
H4,PR26A,3,PCLKT3_1,True_OF_PR26B,TRUE,RDQ32,,H4,PR35A,3,PCLKT3_1,True_OF_PR35B,TRUE,RDQ41,,H4,PR47A,3,PCLKT3_1,True_OF_PR47B,TRUE,RDQ53
H5,VCCIO2,2,-,-,-,-,,H5,VCCIO2,2,-,-,-,-,,H5,VCCIO2,2,-,-,-,-
H6,GND,-,-,-,-,-,,H6,GND,-,-,-,-,-,,H6,GND,-,-,-,-,-
H7,GND,-,-,-,-,-,,H7,GND,-,-,-,-,-,,H7,GND,-,-,-,-,-
H8,GND,-,-,-,-,-,,H8,GND,-,-,-,-,-,,H8,GND,-,-,-,-,-
H9,GND,-,-,-,-,-,,H9,GND,-,-,-,-,-,,H9,GND,-,-,-,-,-
H10,GND,-,-,-,-,-,,H10,GND,-,-,-,-,-,,H10,GND,-,-,-,-,-
H11,GND,-,-,-,-,-,,H11,GND,-,-,-,-,-,,H11,GND,-,-,-,-,-
H12,GND,-,-,-,-,-,,H12,GND,-,-,-,-,-,,H12,GND,-,-,-,-,-
H13,GND,-,-,-,-,-,,H13,GND,-,-,-,-,-,,H13,GND,-,-,-,-,-
H14,VCCIO7,7,-,-,-,-,,H14,VCCIO7,7,-,-,-,-,,H14,VCCIO7,7,-,-,-,-
H15,PL35B,6,VREF1_6,Comp_OF_PL35A,TRUE,LDQ32,,H15,PL44B,6,VREF1_6,Comp_OF_PL44A,TRUE,LDQ41,,H15,PL56B,6,VREF1_6,Comp_OF_PL56A,TRUE,LDQ53
H16,PL35C,6,-,True_OF_PL35D,-,LDQ32,,H16,PL44C,6,-,True_OF_PL44D,-,LDQ41,,H16,PL56C,6,-,True_OF_PL56D,-,LDQ53
H17,PL32B,6,-,Comp_OF_PL32A,TRUE,LDQSN32,,H17,PL41B,6,-,Comp_OF_PL41A,TRUE,LDQSN41,,H17,PL53B,6,-,Comp_OF_PL53A,TRUE,LDQSN53
H18,PL38D,6,-,Comp_OF_PL38C,-,LDQ44,,H18,PL59D,6,-,Comp_OF_PL59C,-,LDQ65,,H18,PL83D,6,-,Comp_OF_PL83C,-,LDQ89
J1,PR35B,3,VREF1_3,Comp_OF_PR35A,TRUE,RDQ32,,J1,PR44B,3,VREF1_3,Comp_OF_PR44A,TRUE,RDQ41,,J1,PR56B,3,VREF1_3,Comp_OF_PR56A,TRUE,RDQ53
J2,PR35A,3,-,True_OF_PR35B,TRUE,RDQ32,,J2,PR44A,3,-,True_OF_PR44B,TRUE,RDQ41,,J2,PR56A,3,-,True_OF_PR56B,TRUE,RDQ53
J3,PR29C,3,GR_PCLK3_1,True_OF_PR29D,-,RDQ32,,J3,PR38C,3,GR_PCLK3_1,True_OF_PR38D,-,RDQ41,,J3,PR50C,3,GR_PCLK3_1,True_OF_PR50D,-,RDQ53
J4,VCC,-,-,-,-,-,,J4,VCC,-,-,-,-,-,,J4,VCC,-,-,-,-,-
J5,VCC,-,-,-,-,-,,J5,VCC,-,-,-,-,-,,J5,VCC,-,-,-,-,-
J6,GND,-,-,-,-,-,,J6,GND,-,-,-,-,-,,J6,GND,-,-,-,-,-
J7,GND,-,-,-,-,-,,J7,GND,-,-,-,-,-,,J7,GND,-,-,-,-,-
J8,GND,-,-,-,-,-,,J8,GND,-,-,-,-,-,,J8,GND,-,-,-,-,-
J9,GND,-,-,-,-,-,,J9,GND,-,-,-,-,-,,J9,GND,-,-,-,-,-
J10,GND,-,-,-,-,-,,J10,GND,-,-,-,-,-,,J10,GND,-,-,-,-,-
J11,GND,-,-,-,-,-,,J11,GND,-,-,-,-,-,,J11,GND,-,-,-,-,-
J12,GND,-,-,-,-,-,,J12,GND,-,-,-,-,-,,J12,GND,-,-,-,-,-
J13,GND,-,-,-,-,-,,J13,GND,-,-,-,-,-,,J13,GND,-,-,-,-,-
J14,VCC,-,-,-,-,-,,J14,VCC,-,-,-,-,-,,J14,VCC,-,-,-,-,-
J15,VCC,-,-,-,-,-,,J15,VCC,-,-,-,-,-,,J15,VCC,-,-,-,-,-
J16,PL35D,6,-,Comp_OF_PL35C,-,LDQ32,,J16,PL44D,6,-,Comp_OF_PL44C,-,LDQ41,,J16,PL56D,6,-,Comp_OF_PL56C,-,LDQ53
J17,PL38C,6,-,True_OF_PL38D,-,LDQ44,,J17,PL59C,6,-,True_OF_PL59D,-,LDQ65,,J17,PL83C,6,-,True_OF_PL83D,-,LDQ89
J18,PL41A,6,-,True_OF_PL41B,TRUE,LDQ44,,J18,PL62A,6,-,True_OF_PL62B,TRUE,LDQ65,,J18,PL86A,6,-,True_OF_PL86B,TRUE,LDQ89
K1,PR41D,3,-,Comp_OF_PR41C,-,RDQ44,,K1,PR62D,3,-,Comp_OF_PR62C,-,RDQ65,,K1,PR86D,3,-,Comp_OF_PR86C,-,RDQ89
K2,PR44A,3,-,True_OF_PR44B,TRUE,RDQS44,,K2,PR65A,3,-,True_OF_PR65B,TRUE,RDQS65,,K2,PR89A,3,-,True_OF_PR89B,TRUE,RDQS89
K3,PR41C,3,-,True_OF_PR41D,-,RDQ44,,K3,PR62C,3,-,True_OF_PR62D,-,RDQ65,,K3,PR86C,3,-,True_OF_PR86D,-,RDQ89
K4,PR38A,3,-,True_OF_PR38B,TRUE,RDQ44,,K4,PR59A,3,-,True_OF_PR59B,TRUE,RDQ65,,K4,PR83A,3,-,True_OF_PR83B,TRUE,RDQ89
K5,GND,-,-,-,-,-,,K5,GND,-,-,-,-,-,,K5,GND,-,-,-,-,-
K6,GND,-,-,-,-,-,,K6,GND,-,-,-,-,-,,K6,GND,-,-,-,-,-
K7,GND,-,-,-,-,-,,K7,GND,-,-,-,-,-,,K7,GND,-,-,-,-,-
K8,GND,-,-,-,-,-,,K8,GND,-,-,-,-,-,,K8,GND,-,-,-,-,-
K9,GND,-,-,-,-,-,,K9,GND,-,-,-,-,-,,K9,GND,-,-,-,-,-
K10,GND,-,-,-,-,-,,K10,GND,-,-,-,-,-,,K10,GND,-,-,-,-,-
K11,GND,-,-,-,-,-,,K11,GND,-,-,-,-,-,,K11,GND,-,-,-,-,-
K12,GND,-,-,-,-,-,,K12,GND,-,-,-,-,-,,K12,GND,-,-,-,-,-
K13,GND,-,-,-,-,-,,K13,GND,-,-,-,-,-,,K13,GND,-,-,-,-,-
K14,GND,-,-,-,-,-,,K14,GND,-,-,-,-,-,,K14,GND,-,-,-,-,-
K15,PL41D,6,-,Comp_OF_PL41C,-,LDQ44,,K15,PL62D,6,-,Comp_OF_PL62C,-,LDQ65,,K15,PL86D,6,-,Comp_OF_PL86C,-,LDQ89
K16,PL41C,6,-,True_OF_PL41D,-,LDQ44,,K16,PL62C,6,-,True_OF_PL62D,-,LDQ65,,K16,PL86C,6,-,True_OF_PL86D,-,LDQ89
K17,PL44A,6,-,True_OF_PL44B,TRUE,LDQS44,,K17,PL65A,6,-,True_OF_PL65B,TRUE,LDQS65,,K17,PL89A,6,-,True_OF_PL89B,TRUE,LDQS89
K18,PL41B,6,-,Comp_OF_PL41A,TRUE,LDQ44,,K18,PL62B,6,-,Comp_OF_PL62A,TRUE,LDQ65,,K18,PL86B,6,-,Comp_OF_PL86A,TRUE,LDQ89
L1,PR44B,3,-,Comp_OF_PR44A,TRUE,RDQSN44,,L1,PR65B,3,-,Comp_OF_PR65A,TRUE,RDQSN65,,L1,PR89B,3,-,Comp_OF_PR89A,TRUE,RDQSN89
L2,GND,-,-,-,-,-,,L2,GND,-,-,-,-,-,,L2,GND,-,-,-,-,-
L3,PR41B,3,-,Comp_OF_PR41A,TRUE,RDQ44,,L3,PR62B,3,-,Comp_OF_PR62A,TRUE,RDQ65,,L3,PR86B,3,-,Comp_OF_PR86A,TRUE,RDQ89
L4,PR38B,3,-,Comp_OF_PR38A,TRUE,RDQ44,,L4,PR59B,3,-,Comp_OF_PR59A,TRUE,RDQ65,,L4,PR83B,3,-,Comp_OF_PR83A,TRUE,RDQ89
L5,GND,-,-,-,-,-,,L5,GND,-,-,-,-,-,,L5,GND,-,-,-,-,-
L6,GND,-,-,-,-,-,,L6,GND,-,-,-,-,-,,L6,GND,-,-,-,-,-
L7,GND,-,-,-,-,-,,L7,GND,-,-,-,-,-,,L7,GND,-,-,-,-,-
L8,GND,-,-,-,-,-,,L8,GND,-,-,-,-,-,,L8,GND,-,-,-,-,-
L9,GND,-,-,-,-,-,,L9,GND,-,-,-,-,-,,L9,GND,-,-,-,-,-
L10,GND,-,-,-,-,-,,L10,GND,-,-,-,-,-,,L10,GND,-,-,-,-,-
L11,GND,-,-,-,-,-,,L11,GND,-,-,-,-,-,,L11,GND,-,-,-,-,-
L12,GND,-,-,-,-,-,,L12,GND,-,-,-,-,-,,L12,GND,-,-,-,-,-
L13,GND,-,-,-,-,-,,L13,GND,-,-,-,-,-,,L13,GND,-,-,-,-,-
L14,GND,-,-,-,-,-,,L14,GND,-,-,-,-,-,,L14,GND,-,-,-,-,-
L15,PL44C,6,-,True_OF_PL44D,-,LDQ44,,L15,PL65C,6,-,True_OF_PL65D,-,LDQ65,,L15,PL89C,6,-,True_OF_PL89D,-,LDQ89
L16,PL44D,6,-,Comp_OF_PL44C,-,LDQ44,,L16,PL65D,6,-,Comp_OF_PL65C,-,LDQ65,,L16,PL89D,6,-,Comp_OF_PL89C,-,LDQ89
L17,GND,-,-,-,-,-,,L17,GND,-,-,-,-,-,,L17,GND,-,-,-,-,-
L18,PL44B,6,-,Comp_OF_PL44A,TRUE,LDQSN44,,L18,PL65B,6,-,Comp_OF_PL65A,TRUE,LDQSN65,,L18,PL89B,6,-,Comp_OF_PL89A,TRUE,LDQSN89
M1,PR47C,3,LRC_GPLL0T_IN,True_OF_PR47D,-,RDQ44,,M1,PR68C,3,LRC_GPLL0T_IN,True_OF_PR68D,-,RDQ65,,M1,PR92C,3,LRC_GPLL0T_IN,True_OF_PR92D,-,RDQ89
M2,PR44C,3,-,True_OF_PR44D,-,RDQ44,,M2,PR65C,3,-,True_OF_PR65D,-,RDQ65,,M2,PR89C,3,-,True_OF_PR89D,-,RDQ89
M3,PR41A,3,-,True_OF_PR41B,TRUE,RDQ44,,M3,PR62A,3,-,True_OF_PR62B,TRUE,RDQ65,,M3,PR86A,3,-,True_OF_PR86B,TRUE,RDQ89
M4,VCC,-,-,-,-,-,,M4,VCC,-,-,-,-,-,,M4,VCC,-,-,-,-,-
M5,VCCIO3,3,-,-,-,-,,M5,VCCIO3,3,-,-,-,-,,M5,VCCIO3,3,-,-,-,-
M6,GND,-,-,-,-,-,,M6,GND,-,-,-,-,-,,M6,GND,-,-,-,-,-
M7,GND,-,-,-,-,-,,M7,GND,-,-,-,-,-,,M7,GND,-,-,-,-,-
M8,GND,-,-,-,-,-,,M8,GND,-,-,-,-,-,,M8,GND,-,-,-,-,-
M9,GND,-,-,-,-,-,,M9,GND,-,-,-,-,-,,M9,GND,-,-,-,-,-
M10,GND,-,-,-,-,-,,M10,GND,-,-,-,-,-,,M10,GND,-,-,-,-,-
M11,GND,-,-,-,-,-,,M11,GND,-,-,-,-,-,,M11,GND,-,-,-,-,-
M12,GND,-,-,-,-,-,,M12,GND,-,-,-,-,-,,M12,GND,-,-,-,-,-
M13,GND,-,-,-,-,-,,M13,GND,-,-,-,-,-,,M13,GND,-,-,-,-,-
M14,VCCIO6,6,-,-,-,-,,M14,VCCIO6,6,-,-,-,-,,M14,VCCIO6,6,-,-,-,-
M15,VCC,-,-,-,-,-,,M15,VCC,-,-,-,-,-,,M15,VCC,-,-,-,-,-
M16,PL47C,6,LLC_GPLL0T_IN,True_OF_PL47D,-,LDQ44,,M16,PL68C,6,LLC_GPLL0T_IN,True_OF_PL68D,-,LDQ65,,M16,PL92C,6,LLC_GPLL0T_IN,True_OF_PL92D,-,LDQ89
M17,PL47D,6,LLC_GPLL0C_IN,Comp_OF_PL47C,-,LDQ44,,M17,PL68D,6,LLC_GPLL0C_IN,Comp_OF_PL68C,-,LDQ65,,M17,PL92D,6,LLC_GPLL0C_IN,Comp_OF_PL92C,-,LDQ89
M18,PB6B,8,D4/MOSI2/IO4,Comp_OF_PB6A,-,-,,M18,PB6B,8,D4/MOSI2/IO4,Comp_OF_PB6A,-,-,,M18,PB6B,8,D4/MOSI2/IO4,Comp_OF_PB6A,-,-
N1,PR47D,3,LRC_GPLL0C_IN,Comp_OF_PR47C,-,RDQ44,,N1,PR68D,3,LRC_GPLL0C_IN,Comp_OF_PR68C,-,RDQ65,,N1,PR92D,3,LRC_GPLL0C_IN,Comp_OF_PR92C,-,RDQ89
N2,PR44D,3,-,Comp_OF_PR44C,-,RDQ44,,N2,PR65D,3,-,Comp_OF_PR65C,-,RDQ65,,N2,PR89D,3,-,Comp_OF_PR89C,-,RDQ89
N3,PR38D,3,-,Comp_OF_PR38C,-,RDQ44,,N3,PR59D,3,-,Comp_OF_PR59C,-,RDQ65,,N3,PR83D,3,-,Comp_OF_PR83C,-,RDQ89
N4,PR38C,3,-,True_OF_PR38D,-,RDQ44,,N4,PR59C,3,-,True_OF_PR59D,-,RDQ65,,N4,PR83C,3,-,True_OF_PR83D,-,RDQ89
N5,VCCIO3,3,-,-,-,-,,N5,VCCIO3,3,-,-,-,-,,N5,VCCIO3,3,-,-,-,-
N6,VCCAUX,-,-,-,-,-,,N6,VCCAUX,-,-,-,-,-,,N6,VCCAUX,-,-,-,-,-
N7,GND,-,-,-,-,-,,N7,GND,-,-,-,-,-,,N7,GND,-,-,-,-,-
N8,GND,-,-,-,-,-,,N8,GND,-,-,-,-,-,,N8,GND,-,-,-,-,-
N9,GND,-,-,-,-,-,,N9,GND,-,-,-,-,-,,N9,GND,-,-,-,-,-
N10,GND,-,-,-,-,-,,N10,GND,-,-,-,-,-,,N10,GND,-,-,-,-,-
N11,GND,-,-,-,-,-,,N11,GND,-,-,-,-,-,,N11,GND,-,-,-,-,-
N12,GND,-,-,-,-,-,,N12,GND,-,-,-,-,-,,N12,GND,-,-,-,-,-
N13,VCCIO8,8,-,-,-,-,,N13,VCCIO8,8,-,-,-,-,,N13,VCCIO8,8,-,-,-,-
N14,VCCIO6,6,-,-,-,-,,N14,VCCIO6,6,-,-,-,-,,N14,VCCIO6,6,-,-,-,-
N15,PB4A,8,D7/IO7,True_OF_PB4B,-,-,,N15,PB4A,8,D7/IO7,True_OF_PB4B,-,-,,N15,PB4A,8,D7/IO7,True_OF_PB4B,-,-
N16,PB4B,8,D6/IO6,Comp_OF_PB4A,-,-,,N16,PB4B,8,D6/IO6,Comp_OF_PB4A,-,-,,N16,PB4B,8,D6/IO6,Comp_OF_PB4A,-,-
N17,PB6A,8,D5/MISO2/IO5,True_OF_PB6B,-,-,,N17,PB6A,8,D5/MISO2/IO5,True_OF_PB6B,-,-,,N17,PB6A,8,D5/MISO2/IO5,True_OF_PB6B,-,-
N18,PB9A,8,D3/IO3,True_OF_PB9B,-,-,,N18,PB9A,8,D3/IO3,True_OF_PB9B,-,-,,N18,PB9A,8,D3/IO3,True_OF_PB9B,-,-
P5,VCCAUXA0,-,-,-,-,-,,P5,VCCAUXA0,-,-,-,-,-,,P5,VCCAUXA0,-,-,-,-,-
P6,GND,-,GND,-,-,-,,P6,GND,-,GND,-,-,-,,P6,GND,-,GND,-,-,-
P7,VCC,-,-,-,-,-,,P7,VCC,-,-,-,-,-,,P7,VCC,-,-,-,-,-
P8,GND,-,GND,-,-,-,,P8,GND,-,GND,-,-,-,,P8,GND,-,GND,-,-,-
P9,VCC,-,-,-,-,-,,P9,VCC,-,-,-,-,-,,P9,VCC,-,-,-,-,-
P10,VCCA0,-,-,-,-,-,,P10,VCCA0,-,-,-,-,-,,P10,VCCA0,-,-,-,-,-
P11,VCC,-,-,-,-,-,,P11,VCC,-,-,-,-,-,,P11,VCC,-,-,-,-,-
P12,GND,-,GND,-,-,-,,P12,GND,-,GND,-,-,-,,P12,GND,-,GND,-,-,-
P13,VCCAUX,-,-,-,-,-,,P13,VCCAUX,-,-,-,-,-,,P13,VCCAUX,-,-,-,-,-
P14,VCCIO8,8,-,-,-,-,,P14,VCCIO8,8,-,-,-,-,,P14,VCCIO8,8,-,-,-,-
R1,GND,-,GND,-,-,-,,R1,GND,-,GND,-,-,-,,R1,GND,-,GND,-,-,-
R2,GND,-,GND,-,-,-,,R2,GND,-,GND,-,-,-,,R2,GND,-,GND,-,-,-
R3,VCCAUXA0,-,-,-,-,-,,R3,VCCAUXA0,-,-,-,-,-,,R3,VCCAUXA0,-,-,-,-,-
R10,VCCA0,-,-,-,-,-,,R10,VCCA0,-,-,-,-,-,,R10,VCCA0,-,-,-,-,-
R16,PB18A,8,WRITEN,-,-,-,,R16,PB18A,8,WRITEN,-,-,-,,R16,PB18A,8,WRITEN,-,-,-
R17,PB13A,8,SN/CSN,True_OF_PB13B,-,-,,R17,PB13A,8,SN/CSN,True_OF_PB13B,-,-,,R17,PB13A,8,SN/CSN,True_OF_PB13B,-,-
R18,PB9B,8,D2/IO2,Comp_OF_PB9A,-,-,,R18,PB9B,8,D2/IO2,Comp_OF_PB9A,-,-,,R18,PB9B,8,D2/IO2,Comp_OF_PB9A,-,-
T1,REFCLKN_D0,50,-,Comp_OF_REFCLKP_D0,-,-,,T1,REFCLKN_D0,50,-,Comp_OF_REFCLKP_D0,-,-,,T1,REFCLKN_D0,50,-,Comp_OF_REFCLKP_D0,-,-
T2,GND,-,GND,-,-,-,,T2,GND,-,GND,-,-,-,,T2,GND,-,GND,-,-,-
T3,GND,-,GND,-,-,-,,T3,GND,-,GND,-,-,-,,T3,GND,-,GND,-,-,-
T4,GND,-,GND,-,-,-,,T4,GND,-,GND,-,-,-,,T4,GND,-,GND,-,-,-
T5,VCCHTX1_D0CH1,-,-,-,-,-,,T5,VCCHTX1_D0CH1,-,-,-,-,-,,T5,VCCHTX1_D0CH1,-,-,-,-,-
T6,GND,-,GND,-,-,-,,T6,GND,-,GND,-,-,-,,T6,GND,-,GND,-,-,-
T7,GND,-,GND,-,-,-,,T7,GND,-,GND,-,-,-,,T7,GND,-,GND,-,-,-
T8,GND,-,GND,-,-,-,,T8,GND,-,GND,-,-,-,,T8,GND,-,GND,-,-,-
T9,GND,-,GND,-,-,-,,T9,GND,-,GND,-,-,-,,T9,GND,-,GND,-,-,-
T10,GND,-,GND,-,-,-,,T10,GND,-,GND,-,-,-,,T10,GND,-,GND,-,-,-
T11,GND,-,GND,-,-,-,,T11,GND,-,GND,-,-,-,,T11,GND,-,GND,-,-,-
T12,GND,-,GND,-,-,-,,T12,GND,-,GND,-,-,-,,T12,GND,-,GND,-,-,-
T13,TDI,40,-,-,-,-,,T13,TDI,40,-,-,-,-,,T13,TDI,40,-,-,-,-
T14,CFG_1,8,-,-,-,-,,T14,CFG_1,8,-,-,-,-,,T14,CFG_1,8,-,-,-,-
T15,PROGRAMN,8,-,-,-,-,,T15,PROGRAMN,8,-,-,-,-,,T15,PROGRAMN,8,-,-,-,-
T16,GND,-,-,-,-,-,,T16,GND,-,-,-,-,-,,T16,GND,-,-,-,-,-
T17,PB13B,8,CS1N,Comp_OF_PB13A,-,-,,T17,PB13B,8,CS1N,Comp_OF_PB13A,-,-,,T17,PB13B,8,CS1N,Comp_OF_PB13A,-,-
T18,PB11A,8,D1/MISO/IO1,True_OF_PB11B,-,-,,T18,PB11A,8,D1/MISO/IO1,True_OF_PB11B,-,-,,T18,PB11A,8,D1/MISO/IO1,True_OF_PB11B,-,-
U1,REFCLKP_D0,50,-,True_OF_REFCLKN_D0,-,-,,U1,REFCLKP_D0,50,-,True_OF_REFCLKN_D0,-,-,,U1,REFCLKP_D0,50,-,True_OF_REFCLKN_D0,-,-
U2,GND,-,GND,-,-,-,,U2,GND,-,GND,-,-,-,,U2,GND,-,GND,-,-,-
U3,GND,-,GND,-,-,-,,U3,GND,-,GND,-,-,-,,U3,GND,-,GND,-,-,-
U4,GND,-,GND,-,-,-,,U4,GND,-,GND,-,-,-,,U4,GND,-,GND,-,-,-
U5,GND,-,GND,-,-,-,,U5,GND,-,GND,-,-,-,,U5,GND,-,GND,-,-,-
U6,VCCHRX1_D0CH1,-,-,-,-,-,,U6,VCCHRX1_D0CH1,-,-,-,-,-,,U6,VCCHRX1_D0CH1,-,-,-,-,-
U7,GND,-,GND,-,-,-,,U7,GND,-,GND,-,-,-,,U7,GND,-,GND,-,-,-
U8,VCCHRX0_D0CH0,-,-,-,-,-,,U8,VCCHRX0_D0CH0,-,-,-,-,-,,U8,VCCHRX0_D0CH0,-,-,-,-,-
U9,GND,-,GND,-,-,-,,U9,GND,-,GND,-,-,-,,U9,GND,-,GND,-,-,-
U10,GND,-,GND,-,-,-,,U10,GND,-,GND,-,-,-,,U10,GND,-,GND,-,-,-
U11,GND,-,GND,-,-,-,,U11,GND,-,GND,-,-,-,,U11,GND,-,GND,-,-,-
U12,VCCHTX0_D0CH0,-,-,-,-,-,,U12,VCCHTX0_D0CH0,-,-,-,-,-,,U12,VCCHTX0_D0CH0,-,-,-,-,-
U13,TCK,40,-,-,-,-,,U13,TCK,40,-,-,-,-,,U13,TCK,40,-,-,-,-
U14,CFG_0,8,-,-,-,-,,U14,CFG_0,8,-,-,-,-,,U14,CFG_0,8,-,-,-,-
U15,DONE,8,-,-,-,-,,U15,DONE,8,-,-,-,-,,U15,DONE,8,-,-,-,-
U16,CCLK,8,MCLK/SCK,-,-,-,,U16,CCLK,8,MCLK/SCK,-,-,-,,U16,CCLK,8,MCLK/SCK,-,-,-
U17,PB15A,8,HOLDN/DI/BUSY/CSSPIN/CEN,True_OF_PB15B,-,-,,U17,PB15A,8,HOLDN/DI/BUSY/CSSPIN/CEN,True_OF_PB15B,-,-,,U17,PB15A,8,HOLDN/DI/BUSY/CSSPIN/CEN,True_OF_PB15B,-,-
U18,PB11B,8,D0/MOSI/IO0,Comp_OF_PB11A,-,-,,U18,PB11B,8,D0/MOSI/IO0,Comp_OF_PB11A,-,-,,U18,PB11B,8,D0/MOSI/IO0,Comp_OF_PB11A,-,-
V2,HDTXN0_D0CH1,50,-,Comp_OF_HDTXP0_D0CH1,-,-,,V2,HDTXN0_D0CH1,50,-,Comp_OF_HDTXP0_D0CH1,-,-,,V2,HDTXN0_D0CH1,50,-,Comp_OF_HDTXP0_D0CH1,-,-
V3,HDTXP0_D0CH1,50,-,True_OF_HDTXN0_D0CH1,-,-,,V3,HDTXP0_D0CH1,50,-,True_OF_HDTXN0_D0CH1,-,-,,V3,HDTXP0_D0CH1,50,-,True_OF_HDTXN0_D0CH1,-,-
V4,GND,-,GND,-,-,-,,V4,GND,-,GND,-,-,-,,V4,GND,-,GND,-,-,-
V5,HDRXN0_D0CH1,50,-,Comp_OF_HDRXP0_D0CH1,-,-,,V5,HDRXN0_D0CH1,50,-,Comp_OF_HDRXP0_D0CH1,-,-,,V5,HDRXN0_D0CH1,50,-,Comp_OF_HDRXP0_D0CH1,-,-
V6,HDRXP0_D0CH1,50,-,True_OF_HDRXN0_D0CH1,-,-,,V6,HDRXP0_D0CH1,50,-,True_OF_HDRXN0_D0CH1,-,-,,V6,HDRXP0_D0CH1,50,-,True_OF_HDRXN0_D0CH1,-,-
V7,GND,-,GND,-,-,-,,V7,GND,-,GND,-,-,-,,V7,GND,-,GND,-,-,-
V8,HDRXN0_D0CH0,50,-,Comp_OF_HDRXP0_D0CH0,-,-,,V8,HDRXN0_D0CH0,50,-,Comp_OF_HDRXP0_D0CH0,-,-,,V8,HDRXN0_D0CH0,50,-,Comp_OF_HDRXP0_D0CH0,-,-
V9,HDRXP0_D0CH0,50,-,True_OF_HDRXN0_D0CH0,-,-,,V9,HDRXP0_D0CH0,50,-,True_OF_HDRXN0_D0CH0,-,-,,V9,HDRXP0_D0CH0,50,-,True_OF_HDRXN0_D0CH0,-,-
V10,GND,-,GND,-,-,-,,V10,GND,-,GND,-,-,-,,V10,GND,-,GND,-,-,-
V11,HDTXN0_D0CH0,50,-,Comp_OF_HDTXP0_D0CH0,-,-,,V11,HDTXN0_D0CH0,50,-,Comp_OF_HDTXP0_D0CH0,-,-,,V11,HDTXN0_D0CH0,50,-,Comp_OF_HDTXP0_D0CH0,-,-
V12,HDTXP0_D0CH0,50,-,True_OF_HDTXN0_D0CH0,-,-,,V12,HDTXP0_D0CH0,50,-,True_OF_HDTXN0_D0CH0,-,-,,V12,HDTXP0_D0CH0,50,-,True_OF_HDTXN0_D0CH0,-,-
V13,TMS,40,-,-,-,-,,V13,TMS,40,-,-,-,-,,V13,TMS,40,-,-,-,-
V14,TDO,40,-,-,-,-,,V14,TDO,40,-,-,-,-,,V14,TDO,40,-,-,-,-
V15,CFG_2,8,-,-,-,-,,V15,CFG_2,8,-,-,-,-,,V15,CFG_2,8,-,-,-,-
V16,INITN,8,-,-,-,-,,V16,INITN,8,-,-,-,-,,V16,INITN,8,-,-,-,-
V17,PB15B,8,DOUT/CSON,Comp_OF_PB15A,-,-,,V17,PB15B,8,DOUT/CSON,Comp_OF_PB15A,-,-,,V17,PB15B,8,DOUT/CSON,Comp_OF_PB15A,-,-
